price,title
£25.27,Romance
£57.36,Womens Fiction
£45.17,Travel
£52.29,Sequential Art
£53.74,Historical Fiction
£47.82,Mystery
£15.94,Philosophy
£15.08,Classics
£51.77,Books
£50.10,Fiction
£37.97,Religion
£54.64,Childrens
£33.63,You can't bury them all: Poems
£35.02,Music
£40.30,Nonfiction
£17.93,Default
£45.17,It's Only the Himalayas
£52.22,Behind Closed Doors
£19.63,"In a Dark, Dark Wood"
£36.89,The Bear and the Piano
£33.29,Penny Maybe
£18.02,Maude (1883-1993):She Grew Up with the country
£15.94,Sophie's World
£31.05,The Five Love Languages: How to Express Heartfelt Commitment to Your Mate
£23.82,The Elephant Tree
£17.66,The Four Agreements: A Practical Guide to Personal Freedom
£44.18,Wall and Piece
£53.13,Aladdin and His Wonderful Lamp
£25.27,Chase Me (Paris Nights #2)
£22.50,America's Cradle of Quarterbacks: Western Pennsylvania's Football Factory from Johnny Unitas to Joe Montana
£54.64,Birdsong: A Story in Pictures
£40.30,Worlds Elsewhere: Journeys Around Shakespeare’s Globe
£34.53,Black Dust
£30.52,"Foolproof Preserving: A Guide to Small Batch Jams, Jellies, Pickles, Condiments, and More: A Foolproof Guide to Making Small Batch Jams, Jellies, Pickles, Condiments, and More"
£37.32,How Music Works
£12.84,In Her Wake
£51.33,Libertarianism for Beginners
£57.25,"Our Band Could Be Your Life: Scenes from the American Indie Underground, 1981-1991"
£52.29,Scott Pilgrim's Precious Little Life (Scott Pilgrim #1)
£23.88,Olio
£37.59,Mesaerion: The Best Science Fiction Stories 1800-1849
£35.02,Rip it Up and Start Again
£52.15,The Black Maria
£33.34,The Dirty Little Secrets of Getting Your Dream Job
£22.65,The Requiem Red
£20.66,Shakespeare's Sonnets
£17.46,Set Me Free
£17.93,"The Coming Woman: A Novel Based on the Life of the Infamous Feminist, Victoria Woodhull"
£13.99,"Starving Hearts (Triangular Trade Trilogy, #1)"
£22.60,The Boys in the Boat: Nine Americans and Their Epic Quest for Gold at the 1936 Berlin Olympics
£54.23,Sapiens: A Brief History of Humankind
£50.10,Soumission
£47.82,Sharp Objects
£51.77,A Light in the Attic
£53.74,Tipping the Velvet
£10.97,Crime
£36.58,Cultural
£19.19,Erotica
£45.22,The Natural History of Us (The Fine Art of Pretending #2)
£19.09,The Torch Is Passed: A Harding Family Story
£56.50,The Past Never Ends
£56.41,"The Pioneer Woman Cooks: Dinnertime: Comfort Classics, Freezer Food, 16-Minute Meals, and Other Delicious Ways to Solve Supper!"
£56.13,The Secret of Dreadwillow Carse
£19.49,This One Summer
£31.12,Throwing Rocks at the Google Bus: How Growth Became the Enemy of Prosperity
£17.27,Thirst
£25.52,"Unbound: How Eight Technologies Made Us Human, Transformed Society, and Brought Our World to the Brink"
£16.28,Tsubasa: WoRLD CHRoNiCLE 2 (Tsubasa WoRLD CHRoNiCLE #2)
£18.78,Unicorn Tracks
£14.27,Untitled Collection: Sabbath Poems 2014
£45.07,Without Borders (Wanderlove #1)
£44.18,"Unseen City: The Majesty of Pigeons, the Discreet Charm of Snails &amp; Other Wonders of the Urban Wilderness"
£50.27,"We Love You, Charlie Freeman"
£31.77,When We Collided
£47.61,Private Paris (Private #10)
£23.11,#HigherSelfie: Wake Up Your Life. Free Your Soul. Find Your Tribe.
£26.41,Reasons to Stay Alive
£57.31,Slow States of Collapse: Poems
£49.05,Health
£54.81,Novels
£51.33,Politics
